Adauga autor nou, 2022-05-20 15:39:25.418
Adauga autor nou, 2022-05-20 16:29:54.131
Adauga autor nou, 2022-05-20 16:29:54.156
Adauga autor nou, 2022-05-20 16:30:25.631
Adauga autor nou, 2022-05-20 16:30:25.649
Adauga autor nou, 2022-05-21 16:56:26.191
Adauga autor nou, 2022-05-21 16:56:26.211
Adauga carte noua, 2022-05-21 16:56:26.233
Adauga autor nou, 2022-05-21 17:05:21.694
Adauga autor nou, 2022-05-21 17:05:21.714
Adauga carte noua, 2022-05-21 17:05:21.752
Adauga categorie noua, 2022-05-21 17:05:21.761
Adauga autor nou, 2022-05-21 17:29:34.793
Adauga autor nou, 2022-05-21 17:29:34.808
Adauga carte noua, 2022-05-21 17:29:34.83
Adauga categorie noua, 2022-05-21 17:29:34.836
Adauga student nou, 2022-05-21 17:29:34.858
Adauga autor nou, 2022-05-22 03:22:07.656
Adauga autor nou, 2022-05-22 03:22:07.67
Adauga carte noua, 2022-05-22 03:22:07.694
Adauga categorie noua, 2022-05-22 03:22:07.7
Adauga student nou, 2022-05-22 03:22:07.718
Adauga autor nou, 2022-05-22 03:26:16.865
Adauga autor nou, 2022-05-22 03:26:16.881
Adauga carte noua, 2022-05-22 03:26:16.905
Adauga categorie noua, 2022-05-22 03:26:16.911
Adauga student nou, 2022-05-22 03:26:16.928
Adauga autor nou, 2022-05-22 03:26:45.828
Adauga autor nou, 2022-05-22 03:26:45.843
Adauga carte noua, 2022-05-22 03:26:45.866
Adauga categorie noua, 2022-05-22 03:26:45.873
Adauga student nou, 2022-05-22 03:26:45.889
Adauga cititor nou, 2022-05-22 21:14:18.274
Adauga cititor nou, 2022-05-22 21:14:18.283
Adauga carte noua, 2022-05-22 21:14:23.098
Adauga categorie noua, 2022-05-22 21:14:29.028
Adauga autor nou, 2022-05-22 21:14:32.458
Adauga student nou, 2022-05-22 21:14:35.501
Adauga cititor nou, 2022-05-22 21:45:20.81
Adauga cititor nou, 2022-05-22 21:45:20.819
Adauga carte noua, 2022-05-22 21:45:22.296
Adauga categorie noua, 2022-05-22 21:45:26.886
Adauga student nou, 2022-05-22 21:45:31.282
Adauga cititor nou, 2022-05-22 22:12:08.414
Adauga cititor nou, 2022-05-22 22:12:08.421
Adauga carte noua, 2022-05-22 22:12:11.829
Adauga categorie noua, 2022-05-22 22:12:12.597
Adauga student nou, 2022-05-22 22:12:13.83
